值班警衛ID:guard123	date:2021-05-23
test111	2021/05/23/23:11
test112	2021/05/23/23:11
test111	2021/05/23/23:11
test111	2021/05/23/23:11
test111	2021/05/23/23:11
test111	2021/05/23/23:11
test111	2021/05/23/23:11
test111	2021/05/23/23:11
test111	2021/05/23/23:11
test111	2021/05/23/23:11
test111	2021/05/23/23:11
test111	2021/05/23/23:11
test111	2021/05/23/23:11
test111	2021/05/23/23:11
test111	2021/05/23/23:11
test111	2021/05/23/23:11
test111	2021/05/23/23:11
test111	2021/05/23/23:11
test111	2021/05/23/23:11
test111	2021/05/23/23:11
test111	2021/05/23/23:11
test111	2021/05/23/23:11
